file,sc_ses
1MVF_cleaned.pdb,0.6488272547721863
1OP9_cleaned.pdb,0.7481595873832703
1RI8_cleaned.pdb,0.6990094482898712
1MEL_cleaned.pdb,0.7479591965675354
1G6V_cleaned.pdb,0.7162711322307587
1SQ2_0_cleaned.pdb,0.7343681454658508
1CZ8_cleaned.pdb,0.605755627155304
1BJ1_cleaned.pdb,0.6218256056308746
1RJC_cleaned.pdb,0.7225348949432373
1T6V_0_cleaned.pdb,0.7404182851314545
1XFP_cleaned.pdb,0.754185676574707
1ZMY_cleaned.pdb,0.7778173685073853
1ZV5_cleaned.pdb,0.7553170919418335
1ZVH_cleaned.pdb,0.7751893997192383
1ZVY_cleaned.pdb,0.7347278296947479
1KXV_0_cleaned.pdb,0.729138046503067
2I26_0_cleaned.pdb,0.7819933891296387
2BSE_1_cleaned.pdb,0.732899010181427
2P42_cleaned.pdb,0.7903248071670532
2P43_cleaned.pdb,0.7813574969768524
2I25_0_cleaned.pdb,0.7475605607032776
2P44_cleaned.pdb,0.7575143873691559
2P45_cleaned.pdb,0.7771447896957397
2P46_cleaned.pdb,0.7589813470840454
2X6M_cleaned.pdb,0.7469458281993866
2P47_cleaned.pdb,0.7553817927837372
2P49_cleaned.pdb,0.7603530287742615
2P4A_cleaned.pdb,0.7410323917865753
2VYR_cleaned.pdb,0.7186737358570099
2XV6_0_cleaned.pdb,0.7724624276161194
2XT1_cleaned.pdb,0.7638014853000641
2P48_cleaned.pdb,0.7461218535900116
2XXM_cleaned.pdb,0.7572029829025269
2XV6_1_cleaned.pdb,0.7767974734306335
3EBA_cleaned.pdb,0.7507466673851013
3CFI_1_cleaned.pdb,0.7436709702014923
2Z8W_0_cleaned.pdb,0.7133060097694397
3G9A_cleaned.pdb,0.7493394613265991
2Z8V_0_cleaned.pdb,0.7232630848884583
3CFI_0_cleaned.pdb,0.7441354393959045
3EZJ_cleaned.pdb,0.748834639787674
3K1K_cleaned.pdb,0.7480345964431763
3K81_1_cleaned.pdb,0.7278827726840973
3K3Q_cleaned.pdb,0.7013002932071686
3K74_cleaned.pdb,0.7384787499904633
3JBC_cleaned.pdb,0.5305496454238892
3OGO_cleaned.pdb,0.6058924198150635
3P0G_cleaned.pdb,0.6550330519676208
3JBE_cleaned.pdb,0.6885261535644531
3R0M_cleaned.pdb,0.6725252866744995
3RJQ_cleaned.pdb,0.663310170173645
3JBF_cleaned.pdb,0.7128491401672363
3P9W_1_cleaned.pdb,0.7030550837516785
3QSK_cleaned.pdb,0.7672719359397888
3JBG_0_cleaned.pdb,0.7120758593082428
3STB_1_cleaned.pdb,0.7711974084377289
3ZKX_1_cleaned.pdb,0.7743796110153198
3ZKS_cleaned.pdb,0.7334123253822327
3ZKQ_cleaned.pdb,0.7244079113006592
3ZKX_0_cleaned.pdb,0.7225010693073273
4C58_cleaned.pdb,0.7421266734600067
4BEL_cleaned.pdb,0.7315423786640167
3SN6_cleaned.pdb,0.722515344619751
4C59_cleaned.pdb,0.7289686799049377
4BFB_0_cleaned.pdb,0.713655561208725
3ZLQ_cleaned.pdb,0.7284374237060547
4C57_0_cleaned.pdb,0.7698384523391724
4C57_cleaned.pdb,0.7677971720695496
4GFT_cleaned.pdb,0.7566526532173157
4EIG_cleaned.pdb,0.7557104527950287
4EJ1_cleaned.pdb,0.7453660368919373
4EIZ_cleaned.pdb,0.7556073367595673
4GRW_3_cleaned.pdb,0.6939641833305359
4HEP_cleaned.pdb,0.7204093337059021
4HEM_0_cleaned.pdb,0.6841161847114563
4GRW_1_cleaned.pdb,0.7300697267055511
4I0C_0_cleaned.pdb,0.7562597393989563
4I13_cleaned.pdb,0.7481898069381714
4I1N_cleaned.pdb,0.7588606476783752
4IOS_0_cleaned.pdb,0.7504918575286865
4KDT_cleaned.pdb,0.7351945340633392
4GRW_0_cleaned.pdb,0.7447141408920288
4KML_cleaned.pdb,0.7013766169548035
4CDG_cleaned.pdb,0.7402568757534027
4LGP_cleaned.pdb,0.7604732513427734
4LGP_1_cleaned.pdb,0.7714535593986511
4LGS_cleaned.pdb,0.7518609166145325
4LHJ_cleaned.pdb,0.7092772722244263
4KFZ_0_cleaned.pdb,0.752618670463562
4LGR_cleaned.pdb,0.768409252166748
4MQS_cleaned.pdb,0.687543123960495
4LHQ_cleaned.pdb,0.7970767915248871
4M3K_cleaned.pdb,0.7334502935409546
4MQT_cleaned.pdb,0.5858415067195892
4N9O_cleaned.pdb,0.7039841115474701
4NBX_cleaned.pdb,0.7480269074440002
4N1H_cleaned.pdb,0.7770793437957764
4LSV_cleaned.pdb,0.6914008855819702
4NBY_cleaned.pdb,0.7282416224479675
4NC2_cleaned.pdb,0.7991691827774048
4P2C_0_cleaned.pdb,0.7391764521598816
4PGJ_0_cleaned.pdb,0.7663171887397766
4NC0_cleaned.pdb,0.7688452899456024
4ORZ_cleaned.pdb,0.6553343534469604
4PGJ_1_cleaned.pdb,0.7583943605422974
4PGJ_cleaned.pdb,0.7687491476535797
4POU_cleaned.pdb,0.766592800617218
4S10_0_cleaned.pdb,0.762435793876648
4S10_cleaned.pdb,0.777855396270752
4QKX_cleaned.pdb,0.7168519794940948
4W2Q_cleaned.pdb,0.7488068342208862
4TVS_cleaned.pdb,0.7451997399330139
4W2O_cleaned.pdb,0.714472770690918
4QO1_cleaned.pdb,0.7701615691184998
4W6W_cleaned.pdb,0.6728392541408539
4W6X_cleaned.pdb,0.8052732944488525
4W6Y_cleaned.pdb,0.6776938140392303
4WEU_cleaned.pdb,0.7518040537834167
4WEM_cleaned.pdb,0.7321699261665344
4WEN_cleaned.pdb,0.7324921786785126
4WGV_cleaned.pdb,0.7265383005142212
4X7C_1_cleaned.pdb,0.7946544587612152
4WGW_cleaned.pdb,0.7221730947494507
4X7C_cleaned.pdb,0.7969355881214142
4X7D_1_cleaned.pdb,0.8045156896114349
4X7F_cleaned.pdb,0.7749531269073486
4Y8D_cleaned.pdb,0.7263365685939789
4X7E_cleaned.pdb,0.7966262698173523
4XT1_cleaned.pdb,0.7155381739139557
4ZG1_cleaned.pdb,0.6257201433181763
5BOP_cleaned.pdb,0.7734227180480957
4Z9K_cleaned.pdb,0.774811327457428
5BOZ_0_cleaned.pdb,0.7409582734107971
5C1M_cleaned.pdb,0.7486495971679688
5C2U_cleaned.pdb,0.8006000816822052
5DFZ_cleaned.pdb,0.6293193101882935
5C3L_cleaned.pdb,0.6719126403331757
5E0Q_cleaned.pdb,0.6688891649246216
5DMJ_cleaned.pdb,0.7733090221881866
5E5M_0_cleaned.pdb,0.7785057425498962
5E1H_cleaned.pdb,0.7892174124717712
5F1K_cleaned.pdb,0.7181928157806396
5F1O_cleaned.pdb,0.7632269859313965
5E7F_cleaned.pdb,0.7556332647800446
5DA0_cleaned.pdb,0.7799597978591919
5F21_cleaned.pdb,0.7528790235519409
5F7L_cleaned.pdb,0.7405045330524445
5F7K_cleaned.pdb,0.7103409171104431
5F7M_cleaned.pdb,0.733846515417099
5F7W_cleaned.pdb,0.7414730787277222
5F7Y_cleaned.pdb,0.7300649881362915
5F7N_cleaned.pdb,0.723332017660141
5F8Q_cleaned.pdb,0.7193266451358795
4NC1_cleaned.pdb,0.721168726682663
5F8R_cleaned.pdb,0.7316924035549164
5G5R_cleaned.pdb,0.7016043365001678
5FV2_cleaned.pdb,0.7435058653354645
5F97_cleaned.pdb,0.7235316336154938
5F93_cleaned.pdb,0.7329285442829132
5G5X_cleaned.pdb,0.7162678241729736
5H8O_cleaned.pdb,0.6983746886253357
5HM1_cleaned.pdb,0.7616614997386932
5GXB_cleaned.pdb,0.7311122715473175
5F9D_cleaned.pdb,0.7212494909763336
5F9A_cleaned.pdb,0.7198234498500824
5HGG_cleaned.pdb,0.7354174256324768
5HVG_1_cleaned.pdb,0.7323295772075653
5IMK_cleaned.pdb,0.7302747070789337
5IMM_cleaned.pdb,0.7122199535369873
5HVH_0_cleaned.pdb,0.7608578205108643
5IVN_cleaned.pdb,0.7807983458042145
5IML_cleaned.pdb,0.7277883589267731
5IP4_cleaned.pdb,0.7155867218971252
5IHL_cleaned.pdb,0.7741129100322723
5IMO_cleaned.pdb,0.7189765572547913
5JA9_1_cleaned.pdb,0.7482617199420929
5JA8_cleaned.pdb,0.7488726377487183
5J1S_cleaned.pdb,0.7163960039615631
5JA9_cleaned.pdb,0.7529797255992889
5JDS_cleaned.pdb,0.7539103925228119
5J57_cleaned.pdb,0.7223693132400513
5J56_cleaned.pdb,0.7260969281196594
5J1T_cleaned.pdb,0.7125476598739624
5JQH_cleaned.pdb,0.6433616280555725
5JMO_cleaned.pdb,0.7657165229320526
5KU0_1_cleaned.pdb,0.725511908531189
5KTZ_cleaned.pdb,0.6918669939041138
5KWL_cleaned.pdb,0.7087448239326477
5L21_cleaned.pdb,0.7225033640861511
5KU2_1_cleaned.pdb,0.7094845771789551
5LHN_cleaned.pdb,0.7631597220897675
5LHP_cleaned.pdb,0.7490370571613312
5L8K_0_cleaned.pdb,0.7561252415180206
5L8J_0_cleaned.pdb,0.7524062693119049
5LHR_cleaned.pdb,0.7476840913295746
5LHQ_cleaned.pdb,0.7660925984382629
5L8L_0_cleaned.pdb,0.7474850714206696
5LWF_cleaned.pdb,0.7138924598693848
5LWF_1_cleaned.pdb,0.7376845479011536
5M13_cleaned.pdb,0.7402327656745911
5M2I_cleaned.pdb,0.6446982622146606
5M2M_cleaned.pdb,0.7337228059768677
5M14_cleaned.pdb,0.7094603180885315
5M15_cleaned.pdb,0.7032577693462372
5MJE_cleaned.pdb,0.7402039468288422
5M15_0_cleaned.pdb,0.7212397456169128
5M95_cleaned.pdb,0.750964879989624
5M94_cleaned.pdb,0.7515491247177124
5MP2_1_cleaned.pdb,0.7595807313919067
5MP2_cleaned.pdb,0.7653141617774963
5M30_cleaned.pdb,0.7399361729621887
4HGK_0_cleaned.pdb,0.755425214767456
5N88_1_cleaned.pdb,0.7556857764720917
5NBL_cleaned.pdb,0.7103585600852966
5O02_cleaned.pdb,0.7813594937324524
5MZV_cleaned.pdb,0.7123299241065979
5NBM_cleaned.pdb,0.7179675400257111
5O03_1_cleaned.pdb,0.6795654594898224
5O03_cleaned.pdb,0.6798742711544037
5MWN_0_cleaned.pdb,0.7300139963626862
5MY6_cleaned.pdb,0.7637752294540405
5O04_0_cleaned.pdb,0.7905856966972351
5O04_1_cleaned.pdb,0.7636703252792358
5O2U_1_cleaned.pdb,0.7811484932899475
5O04_cleaned.pdb,0.7195799350738525
5O04_2_cleaned.pdb,0.7922646403312683
5OMM_cleaned.pdb,0.7208286225795746
5SV3_0_cleaned.pdb,0.7513620853424072
5OVW_cleaned.pdb,0.7534255683422089
5O05_0_cleaned.pdb,0.7862708568572998
5TP3_cleaned.pdb,0.6696141064167023
5OMN_cleaned.pdb,0.7332051694393158
5O0W_cleaned.pdb,0.7189945578575134
5TSJ_cleaned.pdb,0.7025815844535828
5U4M_cleaned.pdb,0.7469464242458344
5TJW_cleaned.pdb,0.7266070246696472
5VAI_cleaned.pdb,0.6853926181793213
5UKB_cleaned.pdb,0.7302199602127075
5USF_cleaned.pdb,0.7379730939865112
5VXJ_cleaned.pdb,0.6426625549793243
5UZ7_cleaned.pdb,0.6764190196990967
5VXK_cleaned.pdb,0.7843659818172455
5VXL_cleaned.pdb,0.7773613035678864
4HGM_0_cleaned.pdb,0.7704651057720184
6APP_cleaned.pdb,0.7576710879802704
5VXM_cleaned.pdb,0.7403609454631805
5Y7Z_cleaned.pdb,0.7237388789653778
5Y80_cleaned.pdb,0.7369701266288757
5TD8_cleaned.pdb,0.771975040435791
6B73_0_cleaned.pdb,0.7492713928222656
6B20_cleaned.pdb,0.7434044778347015
6B3J_cleaned.pdb,0.6958594918251038
6C5W_cleaned.pdb,0.7924837470054626
6B73_1_cleaned.pdb,0.7565996050834656
6CWG_cleaned.pdb,0.7549381256103516
6DBF_cleaned.pdb,0.7025322318077087
6E3Y_cleaned.pdb,0.7242157757282257
6C9W_cleaned.pdb,0.6937078237533569
6FE4_0_cleaned.pdb,0.7351565062999725
6DBG_0_cleaned.pdb,0.7583658695220947
6DO1_0_cleaned.pdb,0.7316166758537292
6CSY_cleaned.pdb,0.7412210702896118
6EY6_0_cleaned.pdb,0.7726308703422546
6GDG_cleaned.pdb,0.7358471155166626
6F2W_cleaned.pdb,0.7532496750354767
6EY0_0_cleaned.pdb,0.7684029042720795
6F2G_cleaned.pdb,0.7586687505245209
6GJQ_cleaned.pdb,0.7360676527023315
6GJS_0_cleaned.pdb,0.6937903165817261
6GCI_cleaned.pdb,0.6772438883781433
6GJS_1_cleaned.pdb,0.7316467761993408
6GJS_cleaned.pdb,0.7118640244007111
6GJU_0_cleaned.pdb,0.749072790145874
6GJU_cleaned.pdb,0.7671410441398621
6GK4_0_cleaned.pdb,0.7158476412296295
6GJU_1_cleaned.pdb,0.7577196955680847
6GK4_1_cleaned.pdb,0.6976363956928253
6GK4_cleaned.pdb,0.736634761095047
6GKD_0_cleaned.pdb,0.7203100025653839
6GKD_1_cleaned.pdb,0.7665627300739288
6GS1_cleaned.pdb,0.7559337615966797
6GWN_1_cleaned.pdb,0.748176097869873
6GS4_cleaned.pdb,0.7344559729099274
6GWP_0_cleaned.pdb,0.7806925773620605
6GS7_cleaned.pdb,0.7449615597724915
6GWP_1_cleaned.pdb,0.7624797523021698
6H1F_cleaned.pdb,0.760793924331665
6GWQ_cleaned.pdb,0.7716571688652039
6GWN_0_cleaned.pdb,0.7370094656944275
6H6Z_cleaned.pdb,0.7494733333587646
6H70_cleaned.pdb,0.7701154053211212
6H71_cleaned.pdb,0.7251359224319458
6H72_cleaned.pdb,0.7169461250305176
6H7K_1_cleaned.pdb,0.7503031194210052
6H7N_cleaned.pdb,0.758491188287735
6H7L_cleaned.pdb,0.7463023364543915
6HER_cleaned.pdb,0.7080073952674866
6H16_cleaned.pdb,0.7379114329814911
6HHD_cleaned.pdb,0.7083105444908142
6H7O_cleaned.pdb,0.7579101324081421
6H7M_cleaned.pdb,0.7637269496917725
6HUJ_cleaned.pdb,0.6603577435016632
6HUO_cleaned.pdb,0.674045205116272
6HJX_0_cleaned.pdb,0.7091687917709351
6HUK_cleaned.pdb,0.6725591421127319
6I2G_cleaned.pdb,0.7382858395576477
6HUG_cleaned.pdb,0.7318629026412964
6I6J_cleaned.pdb,0.7110764980316162
6HUP_cleaned.pdb,0.6877703368663788
6I53_cleaned.pdb,0.7355573773384094
6IBB_1_cleaned.pdb,0.7333617210388184
6HHU_1_cleaned.pdb,0.7683639824390411
6IR1_cleaned.pdb,0.7697187960147858
6HHU_0_cleaned.pdb,0.7320514023303986
6I8G_cleaned.pdb,0.7543066442012787
6IR2_cleaned.pdb,0.7607900500297546
6I8H_cleaned.pdb,0.7377323806285858
6IBB_0_cleaned.pdb,0.743128091096878
6J7W_cleaned.pdb,0.7689045965671539
6JB2_cleaned.pdb,0.7279599905014038
6JB5_cleaned.pdb,0.7252067923545837
6JB8_cleaned.pdb,0.7119414508342743
6LMK_cleaned.pdb,0.6357120275497437
6IBB_cleaned.pdb,0.7454524040222168
6LZ2_1_cleaned.pdb,0.7625652551651001
6JSZ_cleaned.pdb,0.7189870178699493
6ITC_0_cleaned.pdb,0.747562974691391
6LR7_cleaned.pdb,0.7114766240119934
6LI3_cleaned.pdb,0.7268986701965332
6KNM_cleaned.pdb,0.739488959312439
6M1I_cleaned.pdb,0.7310843169689178
6LPB_cleaned.pdb,0.7098781168460846
6NBH_cleaned.pdb,0.6827414333820343
6NBF_cleaned.pdb,0.6892667710781097
6M1H_cleaned.pdb,0.693576455116272
6N48_cleaned.pdb,0.7556625604629517
6NBI_cleaned.pdb,0.6998899579048157
6N4Y_1_cleaned.pdb,0.7612062096595764
6N50_cleaned.pdb,0.7528128921985626
6MXT_cleaned.pdb,0.7399476766586304
6NIY_cleaned.pdb,0.7137306034564972
6NFJ_0_cleaned.pdb,0.7234358787536621
6OBE_cleaned.pdb,0.6642770171165466
6OBG_cleaned.pdb,0.7361184060573578
6OBM_cleaned.pdb,0.7609130442142487
6OBO_cleaned.pdb,0.7381116151809692
6OCD_cleaned.pdb,0.6965090036392212
6NI2_cleaned.pdb,0.7582013607025146
6NI3_cleaned.pdb,0.6998585760593414
6OQ6_cleaned.pdb,0.7162593603134155
6OYA_cleaned.pdb,0.7586357593536377
6OS0_cleaned.pdb,0.741377055644989
6OS1_cleaned.pdb,0.7350252568721771
6OQ8_cleaned.pdb,0.749889463186264
6OS2_cleaned.pdb,0.7344913184642792
6OQ7_cleaned.pdb,0.7312673032283783
6OYZ_1_cleaned.pdb,0.7413591742515564
6OYH_2_cleaned.pdb,0.7287118434906006
6OZ6_0_cleaned.pdb,0.747935950756073
6PB1_cleaned.pdb,0.766031801700592
6PB0_cleaned.pdb,0.7100803554058075
6P9X_cleaned.pdb,0.7010217308998108
6P9Y_cleaned.pdb,0.7203253507614136
6QGW_cleaned.pdb,0.7432336807250977
6QUP_cleaned.pdb,0.7678167521953583
6R7T_cleaned.pdb,0.7459048330783844
6QGY_0_cleaned.pdb,0.7441776394844055
6QGX_cleaned.pdb,0.7568206787109375
6Q6Z_cleaned.pdb,0.7363324165344238
6RAH_cleaned.pdb,0.7744277715682983
6RAI_cleaned.pdb,0.7376936078071594
6RAK_cleaned.pdb,0.7499436438083649
6QV2_cleaned.pdb,0.7388318479061127
6RAG_cleaned.pdb,0.7427530288696289
6RAJ_cleaned.pdb,0.7755300402641296
6RNK_cleaned.pdb,0.7445210218429565
6RAM_cleaned.pdb,0.7388668358325958
6RPJ_cleaned.pdb,0.7238373160362244
6RQM_cleaned.pdb,0.7550247013568878
6RVC_0_cleaned.pdb,0.6986550092697144
6RTW_cleaned.pdb,0.734982818365097
6S0Y_cleaned.pdb,0.7318473756313324
6SGE_cleaned.pdb,0.7975724935531616
6RTY_cleaned.pdb,0.7529015243053436
6RAL_cleaned.pdb,0.7356060743331909
6SSI_1_cleaned.pdb,0.7183064818382263
6RAN_cleaned.pdb,0.750471830368042
6U12_cleaned.pdb,0.7021106779575348
6U51_1_cleaned.pdb,0.7492116987705231
6U52_cleaned.pdb,0.743322342634201
6U54_cleaned.pdb,0.7613185942173004
6TYL_2_cleaned.pdb,0.7067519128322601
6U55_cleaned.pdb,0.7146093249320984
6TYL_4_cleaned.pdb,0.694259911775589
6TYL_1_cleaned.pdb,0.6805478930473328
6TYL_0_cleaned.pdb,0.7401798367500305
6UHT_1_cleaned.pdb,0.7478004992008209
6TEJ_cleaned.pdb,0.7187738716602325
6UFT_cleaned.pdb,0.7593124210834503
6UHT_0_cleaned.pdb,0.7120571136474609
6UC6_0_cleaned.pdb,0.767857015132904
6TYL_cleaned.pdb,0.7441897392272949
6UUS_cleaned.pdb,0.7171387374401093
6UKT_0_cleaned.pdb,0.6343301236629486
6UUN_cleaned.pdb,0.730917364358902
6UKT_1_cleaned.pdb,0.6460164785385132
6UL4_cleaned.pdb,0.7306320667266846
6UVA_cleaned.pdb,0.7098015248775482
6VCB_cleaned.pdb,0.67585089802742
6UKT_3_cleaned.pdb,0.6188364624977112
6V7Z_cleaned.pdb,0.7388951480388641
6V7Y_cleaned.pdb,0.7629933953285217
6VI4_0_cleaned.pdb,0.7533318400382996
6V80_cleaned.pdb,0.7360110580921173
6VBG_cleaned.pdb,0.7280335128307343
6V80_1_cleaned.pdb,0.7547145485877991
6VN7_cleaned.pdb,0.6872977614402771
6WAQ_cleaned.pdb,0.7470717430114746
6WAR_0_cleaned.pdb,0.7895987629890442
6WHC_cleaned.pdb,0.7072805762290955
6WI9_cleaned.pdb,0.6821073591709137
6WZG_cleaned.pdb,0.7265844643115997
6WAR_1_cleaned.pdb,0.7943222522735596
6WPW_cleaned.pdb,0.7101989388465881
6X04_cleaned.pdb,0.6294282078742981
6X05_cleaned.pdb,0.7672556638717651
6X19_cleaned.pdb,0.6649082005023956
6X1A_cleaned.pdb,0.7007609605789185
6X18_cleaned.pdb,0.6863203048706055
6XOX_cleaned.pdb,0.661200076341629
6X9S_cleaned.pdb,0.6499994397163391
6X9T_cleaned.pdb,0.6176947057247162
6X9U_cleaned.pdb,0.7208970785140991
6X08_cleaned.pdb,0.6983852386474609
6X9V_cleaned.pdb,0.652493953704834
6XW4_cleaned.pdb,0.75462207198143
6XW5_cleaned.pdb,0.7213552594184875
6XW6_cleaned.pdb,0.7461072504520416
6XZU_cleaned.pdb,0.7390645444393158
6XW7_0_cleaned.pdb,0.721013993024826
6XZF_cleaned.pdb,0.7583324611186981
6Z1V_cleaned.pdb,0.7584377825260162
6X4T_0_cleaned.pdb,0.757649838924408
6YZ5_cleaned.pdb,0.7482529282569885
6Z20_cleaned.pdb,0.7595647871494293
6Z10_cleaned.pdb,0.7505863308906555
6Z2M_cleaned.pdb,0.709628701210022
6Z6V_1_cleaned.pdb,0.7491959035396576
6ZCZ_cleaned.pdb,0.7821874618530273
6ZE1_cleaned.pdb,0.7579783797264099
6ZG3_1_cleaned.pdb,0.7150316536426544
7A48_cleaned.pdb,0.7502524256706238
6ZG3_cleaned.pdb,0.7168381214141846
7A17_1_cleaned.pdb,0.7274709641933441
7A4D_2_cleaned.pdb,0.705247551202774
7A4D_0_cleaned.pdb,0.7565106153488159
6ZRV_cleaned.pdb,0.7948040664196014
7A4T_cleaned.pdb,0.6904415488243103
7A4Y_cleaned.pdb,0.7382470667362213
7A17_cleaned.pdb,0.715806633234024
7A50_cleaned.pdb,0.7274021506309509
7A6O_cleaned.pdb,0.757834255695343
7ANQ_cleaned.pdb,0.7195240259170532
7AZB_cleaned.pdb,0.7258898615837097
7AR0_cleaned.pdb,0.7027678191661835
7B14_cleaned.pdb,0.756725549697876
7B17_0_cleaned.pdb,0.7435725033283234
7AQY_0_cleaned.pdb,0.7437883615493774
7AQY_cleaned.pdb,0.6820158362388611
7BB6_cleaned.pdb,0.679562121629715
7B17_1_cleaned.pdb,0.7490628957748413
7AQX_cleaned.pdb,0.734904408454895
7B5G_cleaned.pdb,0.7498527765274048
7AQZ_cleaned.pdb,0.6845617294311523
7BTS_cleaned.pdb,0.7310768365859985
7BU6_cleaned.pdb,0.724270761013031
7BB7_cleaned.pdb,0.709047943353653
7BW0_cleaned.pdb,0.7431623339653015
7BZ2_cleaned.pdb,0.6830519735813141
7BC7_cleaned.pdb,0.765704870223999
7BC6_cleaned.pdb,0.7417069375514984
7BU7_cleaned.pdb,0.7463006973266602
7CFM_cleaned.pdb,0.6651219725608826
7C8W_cleaned.pdb,0.7359983623027802
7C8V_cleaned.pdb,0.7433917820453644
7C2E_cleaned.pdb,0.6835245788097382
7CAN_cleaned.pdb,0.7247208952903748
6X4G_0_cleaned.pdb,0.7102943658828735
7CKX_cleaned.pdb,0.7333528995513916
7CKW_cleaned.pdb,0.7025991380214691
7CKY_cleaned.pdb,0.691426157951355
7CRH_cleaned.pdb,0.7038669586181641
7CFN_cleaned.pdb,0.6680094301700592
7CKZ_cleaned.pdb,0.7082821130752563
7CX2_cleaned.pdb,0.7329218685626984
7CZ0_0_cleaned.pdb,0.7291913628578186
7CZ0_1_cleaned.pdb,0.732947051525116
7CZD_cleaned.pdb,0.759122222661972
7CX3_cleaned.pdb,0.68570277094841
7CZ5_cleaned.pdb,0.6989964842796326
7CX4_cleaned.pdb,0.6776102781295776
7D30_1_cleaned.pdb,0.789984405040741
7D3S_cleaned.pdb,0.7043268382549286
7D5B_cleaned.pdb,0.7223853468894958
7D6Y_cleaned.pdb,0.7180514335632324
7D5P_cleaned.pdb,0.7415455281734467
7D5U_cleaned.pdb,0.7439379990100861
7DHR_cleaned.pdb,0.5917965769767761
7D68_cleaned.pdb,0.7204028367996216
7D5Q_0_cleaned.pdb,0.7457526326179504
7D7M_cleaned.pdb,0.7067575454711914
7DH5_cleaned.pdb,0.7181994020938873
7DSS_1_cleaned.pdb,0.7244435548782349
7DV4_cleaned.pdb,0.7436304688453674
7DST_1_cleaned.pdb,0.6678917706012726
7DTY_cleaned.pdb,0.6922781467437744
7DUQ_cleaned.pdb,0.7139834761619568
7DHI_cleaned.pdb,0.7413156628608704
7E53_cleaned.pdb,0.7501055300235748
7EOW_cleaned.pdb,0.7390398681163788
7E6U_cleaned.pdb,0.6661979258060455
7DUR_cleaned.pdb,0.6969657242298126
7EVW_cleaned.pdb,0.6723448932170868
7EVM_cleaned.pdb,0.7073015570640564
7EPT_cleaned.pdb,0.7269209325313568
7F16_cleaned.pdb,0.6630339026451111
7F0T_cleaned.pdb,0.7192035615444183
7F23_cleaned.pdb,0.6797757148742676
7F1G_cleaned.pdb,0.7291054427623749
7F1O_cleaned.pdb,0.7033827304840088
7F58_cleaned.pdb,0.7348109781742096
7F4I_cleaned.pdb,0.6999477446079254
7F4D_cleaned.pdb,0.6877164244651794
7F53_cleaned.pdb,0.712103933095932
7F9Y_cleaned.pdb,0.6579644978046417
7F54_cleaned.pdb,0.6993929445743561
7F5H_cleaned.pdb,0.7469741702079773
7FAU_cleaned.pdb,0.7490983009338379
7F5G_cleaned.pdb,0.7431979179382324
7F55_cleaned.pdb,0.6882910132408142
7FBJ_0_cleaned.pdb,0.740905225276947
7FIM_cleaned.pdb,0.7354477047920227
7FBK_0_cleaned.pdb,0.7259984314441681
7FH0_0_cleaned.pdb,0.7089117765426636
7FH0_1_cleaned.pdb,0.7779608964920044
7FIG_cleaned.pdb,0.7266111969947815
7JJO_cleaned.pdb,0.7596822082996368
7JVB_cleaned.pdb,0.726882129907608
7JOZ_cleaned.pdb,0.696262389421463
7FIY_cleaned.pdb,0.7156127095222473
7JV5_cleaned.pdb,0.695527195930481
7FIN_cleaned.pdb,0.7022641897201538
7JVP_cleaned.pdb,0.6762530505657196
7DGE_cleaned.pdb,0.748958945274353
7KBI_cleaned.pdb,0.7214746177196503
7KDM_0_cleaned.pdb,0.789494663476944
7KD0_cleaned.pdb,0.7589373290538788
7KDU_cleaned.pdb,0.75511234998703
7KBK_cleaned.pdb,0.6800516247749329
7KD2_cleaned.pdb,0.7759904265403748
7KGJ_cleaned.pdb,0.7272694706916809
7K84_cleaned.pdb,0.6013813614845276
7KJH_cleaned.pdb,0.6613670289516449
7KGK_cleaned.pdb,0.7584827244281769
7K7Y_1_cleaned.pdb,0.7540824115276337
7KI0_cleaned.pdb,0.7149635553359985
7KJI_cleaned.pdb,0.6608505845069885
7KLW_0_cleaned.pdb,0.7395102679729462
7KLW_1_cleaned.pdb,0.7543301582336426
7KI1_cleaned.pdb,0.7057345807552338
7KM5_0_cleaned.pdb,0.7151935696601868
7KLW_cleaned.pdb,0.7562032639980316
7KN5_0_cleaned.pdb,0.7860878705978394
7KN7_cleaned.pdb,0.7655361890792847
7KN6_cleaned.pdb,0.7684012949466705
7KM5_1_cleaned.pdb,0.7232215702533722
7KN5_1_cleaned.pdb,0.7480512261390686
7LDJ_cleaned.pdb,0.7461517155170441
7LLL_cleaned.pdb,0.7073695957660675
7LJC_cleaned.pdb,0.6865717768669128
7LLY_cleaned.pdb,0.7099462151527405
7LOK_cleaned.pdb,0.6792380511760712
7LZP_1_cleaned.pdb,0.765041708946228
7MDW_0_cleaned.pdb,0.7419261038303375
7MBX_cleaned.pdb,0.7006901502609253
7MDW_1_cleaned.pdb,0.7109456658363342
7LZP_4_cleaned.pdb,0.747590184211731
7MDW_cleaned.pdb,0.7202975749969482
7ME7_0_cleaned.pdb,0.7130404710769653
7ME7_1_cleaned.pdb,0.6525418758392334
7ME7_cleaned.pdb,0.7279346287250519
7LZP_5_cleaned.pdb,0.7190278470516205
7MEJ_0_cleaned.pdb,0.7172674834728241
7MEJ_1_cleaned.pdb,0.6976602375507355
7MFU_0_cleaned.pdb,0.7125750184059143
7MFU_1_cleaned.pdb,0.7421905100345612
7MFU_cleaned.pdb,0.7163325548171997
7N0I_cleaned.pdb,0.7576984167098999
7N0S_0_cleaned.pdb,0.7721979320049286
7MEJ_cleaned.pdb,0.7012706995010376
7NBB_1_cleaned.pdb,0.7124744653701782
7NBB_cleaned.pdb,0.7139378488063812
7N9A_cleaned.pdb,0.7473660409450531
7N4N_cleaned.pdb,0.7023538053035736
7NDF_cleaned.pdb,0.7319416403770447
7NFQ_cleaned.pdb,0.6563860774040222
7NFT_cleaned.pdb,0.7234075665473938
7N9U_cleaned.pdb,0.7485706210136414
7NFR_cleaned.pdb,0.7381912767887115
7NLL_0_cleaned.pdb,0.7493088841438293
7NQA_cleaned.pdb,0.7267815470695496
7NLL_cleaned.pdb,0.6483220160007477
7NOW_cleaned.pdb,0.7540168166160583
7NGH_cleaned.pdb,0.7371472120285034
7NX0_0_cleaned.pdb,0.7770736217498779
7O06_cleaned.pdb,0.7338522374629974
7NXX_cleaned.pdb,0.7261610329151154
7NX0_1_cleaned.pdb,0.7949917912483215
7O0S_cleaned.pdb,0.7498861849308014
7O3B_cleaned.pdb,0.7269245386123657
7OLZ_1_cleaned.pdb,0.7521264255046844
7OLZ_0_cleaned.pdb,0.7527350187301636
7OLZ_cleaned.pdb,0.7611670196056366
7NVL_cleaned.pdb,0.7212158143520355
7NVM_cleaned.pdb,0.6964654922485352
7P14_cleaned.pdb,0.733867734670639
7NQK_cleaned.pdb,0.7073111832141876
7P16_cleaned.pdb,0.7634592652320862
7NVN_0_cleaned.pdb,0.7274966835975647
7PA5_cleaned.pdb,0.7380454242229462
7OMM_1_cleaned.pdb,0.7436793148517609
7OM4_cleaned.pdb,0.7066431045532227
7OMM_0_cleaned.pdb,0.7319500744342804
7PAF_cleaned.pdb,0.7245711088180542
7PIU_cleaned.pdb,0.6777123510837555
7PIV_cleaned.pdb,0.6996491849422455
7PH4_cleaned.pdb,0.7452486157417297
7PH3_cleaned.pdb,0.7647487819194794
7P5V_cleaned.pdb,0.731460839509964
7Q3Q_cleaned.pdb,0.7617371678352356
7PQQ_cleaned.pdb,0.7313986420631409
7PQG_cleaned.pdb,0.7138558030128479
7Q3R_0_cleaned.pdb,0.7532778382301331
7Q3R_1_cleaned.pdb,0.7373626530170441
7P2D_cleaned.pdb,0.730943888425827
7P5Y_0_cleaned.pdb,0.7399507462978363
7QBG_0_cleaned.pdb,0.7181387543678284
7QBG_1_cleaned.pdb,0.714160144329071
7QBE_cleaned.pdb,0.757578581571579
7QBD_cleaned.pdb,0.6952948868274689
7QBF_cleaned.pdb,0.752398818731308
7QIA_0_cleaned.pdb,0.7078002393245697
7QIA_1_cleaned.pdb,0.7989934682846069
7QIC_1_cleaned.pdb,0.7452827990055084
7QIA_cleaned.pdb,0.7050783932209015
7QJI_0_cleaned.pdb,0.7243498265743256
7QIC_cleaned.pdb,0.6815138757228851
7QJI_1_cleaned.pdb,0.7857191562652588
7QJJ_0_cleaned.pdb,0.7245935797691345
7QJI_cleaned.pdb,0.7095041573047638
7QIC_0_cleaned.pdb,0.6713378429412842
7R1Z_0_cleaned.pdb,0.7545640170574188
7QJJ_1_cleaned.pdb,0.776791512966156
7R1Z_1_cleaned.pdb,0.766997218132019
7R23_0_cleaned.pdb,0.7652836740016937
7R23_1_cleaned.pdb,0.7711483538150787
7R73_cleaned.pdb,0.6861733794212341
7QNE_cleaned.pdb,0.7340006828308105
7R24_0_cleaned.pdb,0.7670021057128906
7R74_cleaned.pdb,0.6898887157440186
7R24_cleaned.pdb,0.7642256319522858
7RG9_cleaned.pdb,0.7162750959396362
7R98_cleaned.pdb,0.7529321610927582
7R24_1_cleaned.pdb,0.7641655802726746
7RGP_cleaned.pdb,0.6324280798435211
7RI2_cleaned.pdb,0.6738760471343994
7RBY_cleaned.pdb,0.7395093441009521
7RMH_cleaned.pdb,0.6357607841491699
7RMI_cleaned.pdb,0.6999986171722412
7RMG_cleaned.pdb,0.7416155934333801
7S83_1_cleaned.pdb,0.7165847420692444
7SAH_cleaned.pdb,0.6600906550884247
7RI1_cleaned.pdb,0.7045864462852478
7S1M_cleaned.pdb,0.6527557075023651
7S3I_cleaned.pdb,0.6972639560699463
7S2R_cleaned.pdb,0.7611644566059113
7S83_0_cleaned.pdb,0.7795068323612213
7SAJ_cleaned.pdb,0.7706848084926605
7SAI_cleaned.pdb,0.7535865604877472
7RNN_cleaned.pdb,0.698696494102478
7SAK_cleaned.pdb,0.7543627321720123
7SL9_cleaned.pdb,0.7303268015384674
7SL8_cleaned.pdb,0.7279624342918396
7SK7_cleaned.pdb,0.680824875831604
7SK5_cleaned.pdb,0.73770672082901
7SP6_1_cleaned.pdb,0.739985316991806
7SP6_0_cleaned.pdb,0.7472940683364868
7SLA_cleaned.pdb,0.7177493870258331
7SP7_0_cleaned.pdb,0.754210501909256
7SP7_1_cleaned.pdb,0.6998200416564941
7SPO_0_cleaned.pdb,0.7613556981086731
7SP8_0_cleaned.pdb,0.7292361557483673
7SPA_0_cleaned.pdb,0.7265293598175049
7SP9_1_cleaned.pdb,0.7293432354927063
7SPP_0_cleaned.pdb,0.6871555149555206
7SPA_1_cleaned.pdb,0.725051760673523
7SP8_1_cleaned.pdb,0.7088327407836914
7SP9_0_cleaned.pdb,0.7282286286354065
7T5F_0_cleaned.pdb,0.754969
7TGF_cleaned.pdb,0.734295666217804
7TGI_cleaned.pdb,0.7334086298942566
7TH2_cleaned.pdb,0.7139865756034851
7T5F_3_cleaned.pdb,0.746768444776535
7T5F_2_cleaned.pdb,0.7474014759063721
7TYF_cleaned.pdb,0.7191482782363892
7TH3_cleaned.pdb,0.7399806976318359
7SSZ_cleaned.pdb,0.688874214887619
7TYL_cleaned.pdb,0.7326645255088806
7TYH_cleaned.pdb,0.7227671146392822
7TMW_cleaned.pdb,0.7189042866230011
7TYI_cleaned.pdb,0.7581116557121277
7TYN_cleaned.pdb,0.7250765264034271
7TYO_cleaned.pdb,0.6894798576831818
7TYY_cleaned.pdb,0.7432368993759155
7TYX_cleaned.pdb,0.7034892439842224
7UBX_cleaned.pdb,0.7531455457210541
7TYW_cleaned.pdb,0.6882827877998352
7UL3_cleaned.pdb,0.7497012615203857
7UL5_cleaned.pdb,0.745634138584137
7UIE_1_cleaned.pdb,0.7198321521282196
7UIA_1_cleaned.pdb,0.7551674842834473
7UIB_cleaned.pdb,0.7756503522396088
7UBY_0_cleaned.pdb,0.747397780418396
7USV_cleaned.pdb,0.7834999859333038
7UST_cleaned.pdb,0.7475285530090332
7V35_cleaned.pdb,0.6712561249732971
7UPM_cleaned.pdb,0.7353448569774628
7V9L_cleaned.pdb,0.7134201526641846
7VBI_cleaned.pdb,0.7190515398979187
7UNZ_cleaned.pdb,0.7432668805122375
7V9M_cleaned.pdb,0.7188562750816345
7VBH_cleaned.pdb,0.7370782196521759
7VAB_cleaned.pdb,0.7487673163414001
7VFA_cleaned.pdb,0.7475011646747589
7VQX_cleaned.pdb,0.7257513105869293
7VOA_cleaned.pdb,0.764616996049881
7VKE_cleaned.pdb,0.7527753114700317
7VNB_cleaned.pdb,0.7549354732036591
7VUI_cleaned.pdb,0.6955193281173706
7VUH_cleaned.pdb,0.7253501117229462
7VVJ_cleaned.pdb,0.7050183117389679
7VVL_cleaned.pdb,0.748885452747345
7VFB_cleaned.pdb,0.7667472660541534
7VVM_cleaned.pdb,0.7228950262069702
7VUJ_cleaned.pdb,0.6908337771892548
7VVK_cleaned.pdb,0.7047702372074127
7VVN_cleaned.pdb,0.6949005722999573
7VVO_cleaned.pdb,0.6880306899547577
7W1S_cleaned.pdb,0.7333713173866272
7WD2_0_cleaned.pdb,0.7557187676429749
7WKI_cleaned.pdb,0.7711614966392517
7WBJ_cleaned.pdb,0.6893487870693207
7WCM_cleaned.pdb,0.6958057582378387
7WN0_cleaned.pdb,0.7241144776344299
7WCN_cleaned.pdb,0.7332450449466705
7WUI_cleaned.pdb,0.733017235994339
7WUJ_cleaned.pdb,0.6373087167739868
7WN1_cleaned.pdb,0.7063239216804504
7WXW_cleaned.pdb,0.7240445613861084
7WY8_cleaned.pdb,0.6966972649097443
7WU2_cleaned.pdb,0.6724348366260529
7WQ4_cleaned.pdb,0.756339967250824
7WU3_cleaned.pdb,0.7119150161743164
7WUQ_cleaned.pdb,0.6996162533760071
7WXU_cleaned.pdb,0.7205329239368439
7X2C_cleaned.pdb,0.7138963937759399
7X2D_cleaned.pdb,0.6520841121673584
7X2J_cleaned.pdb,0.7098977863788605
7X4I_0_cleaned.pdb,0.7788134813308716
7X2F_cleaned.pdb,0.7205747663974762
7X8R_cleaned.pdb,0.6936188638210297
7XKD_cleaned.pdb,0.7000340521335602
7X2M_cleaned.pdb,0.7584559619426727
7XJH_cleaned.pdb,0.6869338750839233
7XKF_cleaned.pdb,0.7206121385097504
7X8S_cleaned.pdb,0.7263939380645752
7XLI_cleaned.pdb,0.7536484003067017
7XJI_cleaned.pdb,0.7001395523548126
7XLD_cleaned.pdb,0.7445027232170105
7XKE_cleaned.pdb,0.7208006680011749
7XT8_cleaned.pdb,0.731513261795044
7XOU_cleaned.pdb,0.6843058168888092
7XQV_cleaned.pdb,0.7644960582256317
7XOV_cleaned.pdb,0.6782882809638977
7XP4_cleaned.pdb,0.7266765236854553
7XP5_cleaned.pdb,0.7229951620101929
7XTB_cleaned.pdb,0.6984189748764038
7XTC_cleaned.pdb,0.6696282625198364
7XP6_cleaned.pdb,0.7257399559020996
7XZ5_cleaned.pdb,0.7246906757354736
7XTQ_cleaned.pdb,0.7386509776115417
7XZ6_cleaned.pdb,0.7079107761383057
7XW5_cleaned.pdb,0.7045887112617493
7Y0O_cleaned.pdb,0.620680034160614
7XTP_cleaned.pdb,0.7187508642673492
7Y36_cleaned.pdb,0.6966066360473633
7Y35_cleaned.pdb,0.7294795215129852
7Y3G_cleaned.pdb,0.7422448694705963
7Y6K_cleaned.pdb,0.7121169567108154
7YDM_cleaned.pdb,0.6494418680667877
7YDP_cleaned.pdb,0.6791910231113434
7Y9V_cleaned.pdb,0.7125107944011688
7Y9U_cleaned.pdb,0.7265726029872894
7Y9T_cleaned.pdb,0.7469687461853027
7YIT_cleaned.pdb,0.7450893223285675
7YM8_cleaned.pdb,0.7963618040084839
7YZ9_cleaned.pdb,0.747893750667572
7YMJ_cleaned.pdb,0.7319120764732361
7Z1A_0_cleaned.pdb,0.7253081202507019
7Z1A_1_cleaned.pdb,0.7464507520198822
7Z1B_0_cleaned.pdb,0.752259224653244
7Z1A_cleaned.pdb,0.7297903895378113
7Z1B_cleaned.pdb,0.7619699239730835
7ZF4_cleaned.pdb,0.6945953369140625
7Z1C_2_cleaned.pdb,0.7655988335609436
7Z1C_cleaned.pdb,0.7407454550266266
7ZFB_cleaned.pdb,0.7260088920593262
7Z1B_1_cleaned.pdb,0.7458964288234711
7Z1C_0_cleaned.pdb,0.7453978061676025
7ZFC_cleaned.pdb,0.7465182542800903
7ZG0_1_cleaned.pdb,0.7499038875102997
7ZK1_0_cleaned.pdb,0.7490781843662262
7ZG0_cleaned.pdb,0.7588544189929962
7ZK1_1_cleaned.pdb,0.7249664664268494
7ZK1_cleaned.pdb,0.7476373314857483
7ZAU_cleaned.pdb,0.6974690854549408
7ZKZ_0_cleaned.pdb,0.7783915996551514
7ZKW_cleaned.pdb,0.7694427073001862
7ZKZ_cleaned.pdb,0.7725571393966675
7ZKZ_1_cleaned.pdb,0.7711814045906067
7ZMM_cleaned.pdb,0.7460465729236603
7ZMN_cleaned.pdb,0.7297480404376984
7ZMP_cleaned.pdb,0.7446780204772949
7ZMO_0_cleaned.pdb,0.725702166557312
7ZML_cleaned.pdb,0.7210738062858582
7ZMS_cleaned.pdb,0.7191877961158752
7ZMR_cleaned.pdb,0.7407846748828888
7ZXU_cleaned.pdb,0.7524989545345306
7ZMQ_cleaned.pdb,0.7421978116035461
7ZQT_cleaned.pdb,0.7081976532936096
7ZMV_cleaned.pdb,0.7381956875324249
7ZMT_cleaned.pdb,0.721741259098053
8A67_cleaned.pdb,0.7247951924800873
8AFH_1_cleaned.pdb,0.696920782327652
7ZW1_cleaned.pdb,0.7405470311641693
8AFM_cleaned.pdb,0.6687983572483063
8AFH_0_cleaned.pdb,0.6624371111392975
8AIA_0_cleaned.pdb,0.6188112199306488
8AOK_cleaned.pdb,0.7530781626701355
8APY_cleaned.pdb,0.6974819302558899
8AOM_cleaned.pdb,0.731130838394165
8AHL_2_cleaned.pdb,0.6585952043533325
8AJB_2_cleaned.pdb,0.7299832105636597
7ZOX_0_cleaned.pdb,0.7422809898853302
7ZOX_1_cleaned.pdb,0.7319604456424713
8AIA_1_cleaned.pdb,0.5916295945644379
8AIX_1_cleaned.pdb,0.590489000082016
8B18_cleaned.pdb,0.7731882333755493
8B19_cleaned.pdb,0.7634826302528381
8B1A_cleaned.pdb,0.7614968419075012
8B17_cleaned.pdb,0.7697966694831848
8B1B_cleaned.pdb,0.7738829255104065
8B1C_cleaned.pdb,0.76458939909935
8B1E_cleaned.pdb,0.7714298069477081
8B1F_cleaned.pdb,0.7728482484817505
8B1D_cleaned.pdb,0.7752282023429871
8B1G_cleaned.pdb,0.7713591158390045
8B8I_0_cleaned.pdb,0.7868820428848267
8B7W_cleaned.pdb,0.6534823179244995
8B1H_cleaned.pdb,0.7680584788322449
8B1J_cleaned.pdb,0.7754023969173431
8B1K_cleaned.pdb,0.7731274366378784
8BEV_cleaned.pdb,0.7234548032283783
8BH5_cleaned.pdb,0.776322215795517
8B1I_cleaned.pdb,0.7681815326213837
8BPK_cleaned.pdb,0.7261544167995453
8BVR_cleaned.pdb,0.7416872978210449
8BE2_cleaned.pdb,0.768206000328064
8BZY_cleaned.pdb,0.7707930207252502
8C3K_cleaned.pdb,0.7414057850837708
8BVS_cleaned.pdb,0.6650229096412659
8C3L_cleaned.pdb,0.7414016127586365
8C02_cleaned.pdb,0.7509702742099762
8BVT_cleaned.pdb,0.652961939573288
8C5H_cleaned.pdb,0.7417626678943634
8CWU_cleaned.pdb,0.7077706754207611
8CWV_cleaned.pdb,0.7282143235206604
8C8P_cleaned.pdb,0.7384176552295685
8CY7_cleaned.pdb,0.7203253507614136
8CYJ_0_cleaned.pdb,0.7445202767848969
8B41_cleaned.pdb,0.7244000434875488
8CYJ_2_cleaned.pdb,0.7236711084842682
8CYJ_1_cleaned.pdb,0.7595494985580444
8CYJ_3_cleaned.pdb,0.7578585743904114
8CYJ_cleaned.pdb,0.7397541105747223
8DAM_0_cleaned.pdb,0.7730248868465424
8DAM_1_cleaned.pdb,0.7236971855163574
8CXR_0_cleaned.pdb,0.726828545331955
8DAM_cleaned.pdb,0.7429636716842651
8CD0_cleaned.pdb,0.6555740535259247
8DCS_cleaned.pdb,0.7468435168266296
8DCR_cleaned.pdb,0.7240291833877563
8DTN_cleaned.pdb,0.7687748074531555
8DI5_cleaned.pdb,0.747554749250412
8DQU_cleaned.pdb,0.7817867994308472
8DLY_cleaned.pdb,0.7362357974052429
8DTU_cleaned.pdb,0.77913498878479
8DM0_cleaned.pdb,0.7365320026874542
8E3Y_cleaned.pdb,0.7355473041534424
8DYP_cleaned.pdb,0.7465829849243164
8DFL_cleaned.pdb,0.6733432710170746
8E3X_cleaned.pdb,0.712850421667099
8EE2_0_cleaned.pdb,0.7564923465251923
8E0E_cleaned.pdb,0.7245459258556366
8E3Z_cleaned.pdb,0.7183583676815033
8ELN_cleaned.pdb,0.7651326060295105
8ELO_cleaned.pdb,0.7572915852069855
8ELP_cleaned.pdb,0.7231802940368652
8ELQ_cleaned.pdb,0.751080334186554
8EE2_1_cleaned.pdb,0.7630846500396729
8EMZ_cleaned.pdb,0.7218708395957947
8EQB_cleaned.pdb,0.5797311961650848
8EW6_cleaned.pdb,0.7592993974685669
8EN0_cleaned.pdb,0.7335012853145599
8EVD_1_cleaned.pdb,0.5239192247390747
8EN3_cleaned.pdb,0.7481001317501068
8EN2_cleaned.pdb,0.7513368725776672
8F0K_cleaned.pdb,0.7241109907627106
8F2A_cleaned.pdb,0.7105927765369415
8F6U_1_cleaned.pdb,0.7435749769210815
8F2B_cleaned.pdb,0.7202474176883698
8F6V_cleaned.pdb,0.7307705879211426
8F0J_cleaned.pdb,0.7237644195556641
8F6U_cleaned.pdb,0.7414925992488861
8F76_cleaned.pdb,0.6893452405929565
8FLT_cleaned.pdb,0.7270695567131042
8FLQ_cleaned.pdb,0.7056946158409119
8FLS_cleaned.pdb,0.7196113169193268
8FLR_cleaned.pdb,0.7027288675308228
8G0I_cleaned.pdb,0.7626754343509674
8FLU_cleaned.pdb,0.7250324487686157
8FXV_cleaned.pdb,0.7572657465934753
8G0W_cleaned.pdb,0.7104962170124054
8GJR_cleaned.pdb,0.7429735660552979
8FU6_cleaned.pdb,0.6974726915359497
8FXS_cleaned.pdb,0.7415976226329803
8G72_cleaned.pdb,0.6303302049636841
8GQ5_cleaned.pdb,0.7411949336528778
8GW8_cleaned.pdb,0.7110270261764526
8H4I_cleaned.pdb,0.7220917046070099
8H3X_cleaned.pdb,0.7186615467071533
8GNI_cleaned.pdb,0.7513715028762817
8GHR_cleaned.pdb,0.7289726436138153
8GZ5_cleaned.pdb,0.7395756542682648
8H3Y_0_cleaned.pdb,0.7359820008277893
8H4K_cleaned.pdb,0.730556458234787
8H5U_cleaned.pdb,0.7632961273193359
8H5T_cleaned.pdb,0.7028276324272156
8HA0_cleaned.pdb,0.688055157661438
8H91_cleaned.pdb,0.7439683973789215
8GNJ_cleaned.pdb,0.7314455807209015
8H4L_cleaned.pdb,0.716698408126831
8H91_1_cleaned.pdb,0.7377467751502991
8HAF_cleaned.pdb,0.6965198218822479
8HBJ_2_cleaned.pdb,0.6159418821334839
8HBG_1_cleaned.pdb,0.6784611940383911
8HBI_1_cleaned.pdb,0.6345292925834656
8HAO_cleaned.pdb,0.7461576461791992
8HBJ_3_cleaned.pdb,0.6590319573879242
8H63_cleaned.pdb,0.7060710787773132
8HGI_0_cleaned.pdb,0.563551515340805
8HDP_cleaned.pdb,0.670869767665863
8HEG_cleaned.pdb,0.7393214702606201
8HMV_cleaned.pdb,0.7539978623390198
8HDO_cleaned.pdb,0.6788627505302429
8HJ1_cleaned.pdb,0.7285831272602081
8HJ2_cleaned.pdb,0.7337111532688141
8HR2_0_cleaned.pdb,0.7292160987854004
8HJ0_cleaned.pdb,0.71612948179245
8HXR_cleaned.pdb,0.7152169048786163
8HNN_cleaned.pdb,0.74667027592659
8HXQ_cleaned.pdb,0.7157126665115356
8HR2_1_cleaned.pdb,0.7588813900947571
8ILX_0_cleaned.pdb,0.7359457314014435
8IM0_cleaned.pdb,0.6785697042942047
8HTI_cleaned.pdb,0.7366581857204437
8IM1_0_cleaned.pdb,0.7708548307418823
8IEE_cleaned.pdb,0.7508204877376556
8IQ4_cleaned.pdb,0.6948810517787933
8IM1_2_cleaned.pdb,0.7645455896854401
8IQ6_cleaned.pdb,0.6883622109889984
8IOC_cleaned.pdb,0.7418292164802551
8IOD_cleaned.pdb,0.7504762411117554
8IW9_cleaned.pdb,0.7448252737522125
8JIQ_cleaned.pdb,0.6825859546661377
8JJV_cleaned.pdb,0.7662078738212585
8ITM_cleaned.pdb,0.7083626091480255
8JIU_cleaned.pdb,0.7165878713130951
8JLY_cleaned.pdb,0.7674801051616669
8JIS_cleaned.pdb,0.7287861406803131
8ITL_cleaned.pdb,0.7013417184352875
8IZB_cleaned.pdb,0.7026486992835999
8JIT_cleaned.pdb,0.6806073486804962
8JTX_cleaned.pdb,0.773384302854538
8JXS_cleaned.pdb,0.7178598642349243
8JXR_cleaned.pdb,0.7490458786487579
8K8J_cleaned.pdb,0.6834847629070282
8JTW_cleaned.pdb,0.7561696767807007
8JTY_cleaned.pdb,0.7605366408824921
8K3K_cleaned.pdb,0.7996927201747894
8PIH_cleaned.pdb,0.7291982173919678
8KH5_cleaned.pdb,0.6847849190235138
8OWW_cleaned.pdb,0.7131767272949219
8PIJ_cleaned.pdb,0.711570531129837
8PJP_cleaned.pdb,0.7576070725917816
8PIZ_cleaned.pdb,0.697865903377533
8PM2_cleaned.pdb,0.6997721195220947
8PKC_cleaned.pdb,0.7145746946334839
8ONT_cleaned.pdb,0.7217149138450623
8QF4_cleaned.pdb,0.7724915146827698
8QF5_cleaned.pdb,0.7831569015979767
8Q94_cleaned.pdb,0.7497154772281647
8Q93_cleaned.pdb,0.7467297315597534
8QGZ_cleaned.pdb,0.7113558351993561
8Q95_cleaned.pdb,0.76594078540802
8QGX_cleaned.pdb,0.7477336227893829
8PYR_cleaned.pdb,0.7314364612102509
8QZ1_cleaned.pdb,0.7855891585350037
8QOT_cleaned.pdb,0.752333402633667
8QW4_cleaned.pdb,0.6757069230079651
8RBY_cleaned.pdb,0.7487383186817169
8QZ2_cleaned.pdb,0.6845226585865021
8QZ4_cleaned.pdb,0.6978568732738495
8QZ3_cleaned.pdb,0.7008659839630127
8RJ7_cleaned.pdb,0.7567034959793091
8S0L_cleaned.pdb,0.7557610869407654
8U26_cleaned.pdb,0.7340151071548462
8SOS_cleaned.pdb,0.7669605612754822
8SBB_cleaned.pdb,0.7179440259933472
8UHB_cleaned.pdb,0.7091998159885406
8U3S_cleaned.pdb,0.7276450395584106
8RMK_cleaned.pdb,0.6948020458221436
8VYL_cleaned.pdb,0.8038848042488098
8UY6_cleaned.pdb,0.7555020749568939
8W88_cleaned.pdb,0.740485429763794
8S0M_cleaned.pdb,0.7610246241092682
8W87_cleaned.pdb,0.708549439907074
8TH4_cleaned.pdb,0.7134357690811157
8TH3_cleaned.pdb,0.7006556987762451
8UKV_cleaned.pdb,0.7306484580039978
8W89_cleaned.pdb,0.7302520275115967
8WG8_cleaned.pdb,0.6983072459697723
8WEO_cleaned.pdb,0.7713125944137573
8X79_cleaned.pdb,0.7365275025367737
8X7A_cleaned.pdb,0.7251825034618378
8WG7_cleaned.pdb,0.6298421919345856
8W8A_cleaned.pdb,0.7335360646247864
8X7N_0_cleaned.pdb,0.7790904641151428
8X7N_1_cleaned.pdb,0.7724568545818329
8YBL_cleaned.pdb,0.7387043535709381
8XK2_cleaned.pdb,0.7449551522731781
8YBM_cleaned.pdb,0.7456414699554443
8YBO_cleaned.pdb,0.7083179652690887
8XLD_cleaned.pdb,0.7274783253669739
8YBP_cleaned.pdb,0.7251214385032654
8YKD_cleaned.pdb,0.7079669237136841
8YVJ_cleaned.pdb,0.7339259386062622
8YBN_cleaned.pdb,0.7213432192802429
8YVO_cleaned.pdb,0.6786676943302155
8YSF_cleaned.pdb,0.6956490278244019
8YSH_cleaned.pdb,0.7509550452232361
8Z8L_cleaned.pdb,0.8040265738964081
9B0A_cleaned.pdb,0.7223517298698425
9BN7_0_cleaned.pdb,0.7423551082611084
9DJW_0_cleaned.pdb,0.7236424684524536
9B2C_cleaned.pdb,0.7385285496711731
8YOT_cleaned.pdb,0.7482337355613708
9EIU_cleaned.pdb,0.7534284293651581
9EGN_cleaned.pdb,0.7617968916893005
9E7K_cleaned.pdb,0.7430028915405273
9EG6_cleaned.pdb,0.7574747800827026
9E7N_cleaned.pdb,0.7346501350402832
9EN2_cleaned.pdb,0.7157305777072906
9ERW_cleaned.pdb,0.7086797058582306
9FWW_cleaned.pdb,0.7488814890384674
9FC2_cleaned.pdb,0.7403949499130249
9FR4_cleaned.pdb,0.7401148080825806
9G2A_cleaned.pdb,0.7256909310817719
9FZC_cleaned.pdb,0.7894263565540314
9EAI_cleaned.pdb,0.7148144543170929
9G2G_cleaned.pdb,0.733991801738739
9FVB_cleaned.pdb,0.7595697045326233
9G4G_cleaned.pdb,0.7378964722156525
9GCN_cleaned.pdb,0.7532781958580017
9G5L_cleaned.pdb,0.746810257434845
9G48_cleaned.pdb,0.7382619976997375
9GLZ_cleaned.pdb,0.7590139210224152
9HO4_cleaned.pdb,0.770823210477829
9EAH_cleaned.pdb,0.732866108417511
9HO5_cleaned.pdb,0.7526736855506897
9IQP_cleaned.pdb,0.7459836304187775
9J7Y_cleaned.pdb,0.7978622317314148
9JEC_cleaned.pdb,0.7483136653900146
9LAD_cleaned.pdb,0.7712507247924805
9LH2_cleaned.pdb,0.565476804971695
9LJJ_cleaned.pdb,0.7281863391399384
9MY8_cleaned.pdb,0.7664206624031067
9HPA_cleaned.pdb,0.6350172758102417
9NN9_cleaned.pdb,0.7092264890670776
9S36_cleaned.pdb,0.7465210556983948
9T9M_cleaned.pdb,0.7393819689750671
9S35_cleaned.pdb,0.7196086943149567
9LM6_cleaned.pdb,0.7290583848953247
9UCP_cleaned.pdb,0.7426580190658569
9YC3_cleaned.pdb,0.7321135997772217
9TH6_cleaned.pdb,0.7623140811920166
9ULP_cleaned.pdb,0.7177395224571228
9Z5Q_cleaned.pdb,0.7609442472457886
9KQC_0_cleaned.pdb,0.740403562784195
